filename,width,height,class,xmin,ymin,xmax,ymax
train_image_1.1.jpg,640,480,dead_end_sign,527,43,608,163
train_image_1.2.jpg,640,640,dead_end_sign,456,405,552,501
train_image_1.3.jpg,640,640,dead_end_sign,261,138,338,234
train_image_1.4.jpg,640,640,dead_end_sign,28,34,98,104
train_image_1.5.jpg,640,640,dead_end_sign,333,497,377,541
train_image_1.6.jpg,600,600,dead_end_sign,355,69,505,219
train_image_1.7.jpg,640,425,dead_end_sign,295,18,367,77
train_image_1.8.jpg,640,628,dead_end_sign,332,264,452,439
train_image_1.9.jpg,640,480,dead_end_sign,139,291,211,363
train_image_1.10.jpg,427,640,dead_end_sign,185,131,214,159
train_image_1.11.jpg,639,480,dead_end_sign,188,185,228,242
train_image_1.12.jpg,639,426,dead_end_sign,92,162,168,238
train_image_1.13.jpg,639,459,dead_end_sign,553,214,612,273
train_image_1.14.jpg,468,639,dead_end_sign,30,341,86,386
train_image_1.15.jpg,570,533,dead_end_sign,248,168,349,269
train_image_1.16.jpg,576,592,dead_end_sign,275,356,442,523
train_image_1.17.jpg,640,480,dead_end_sign,317,97,437,217
train_image_1.18.jpg,640,480,dead_end_sign,353,28,440,148
train_image_1.19.jpg,640,640,dead_end_sign,310,106,476,272
train_image_1.20.jpg,640,512,dead_end_sign,216,11,333,128
train_image_1.21.jpg,640,640,dead_end_sign,125,36,307,215
train_image_1.22.jpg,640,640,dead_end_sign,411,116,548,269
train_image_1.23.jpg,640,640,dead_end_sign,557,174,613,231
train_image_1.24.jpg,640,427,dead_end_sign,78,281,113,319
train_image_1.25.jpg,640,480,dead_end_sign,345,393,378,431
train_image_1.26.jpg,640,480,dead_end_sign,97,171,295,310
train_image_1.27.jpg,640,512,dead_end_sign,180,82,287,189
train_image_1.28.jpg,640,480,dead_end_sign,438,352,494,409
train_image_1.29.jpg,640,480,dead_end_sign,375,395,423,443
train_image_1.30.jpg,640,640,dead_end_sign,64,376,115,427
train_image_1.31.jpg,639,505,dead_end_sign,462,379,563,480
train_image_1.32.jpg,639,479,dead_end_sign,359,318,414,375
train_image_1.33.jpg,640,640,dead_end_sign,417,272,500,355
train_image_1.34.jpg,639,453,dead_end_sign,65,80,134,157
train_image_1.35.jpg,426,639,dead_end_sign,281,368,361,448
train_image_1.36.jpg,640,480,dead_end_sign,374,45,490,165
train_image_1.37.jpg,640,640,dead_end_sign,449,273,505,330
train_image_1.38.jpg,640,480,dead_end_sign,58,347,170,457
train_image_1.39.jpg,639,426,dead_end_sign,127,378,143,403
train_image_1.40.jpg,640,480,dead_end_sign,336,332,364,360
train_image_1.41.jpg,640,591,dead_end_sign,425,55,555,185
train_image_1.42.jpg,640,640,dead_end_sign,486,344,588,446
train_image_1.43.jpg,640,480,dead_end_sign,387,260,511,346
train_image_1.44.jpg,640,480,dead_end_sign,426,100,469,143
train_image_1.45.jpg,640,426,dead_end_sign,274,14,347,86
train_image_1.46.jpg,639,485,dead_end_sign,486,185,592,291
train_image_1.47.jpg,640,500,dead_end_sign,470,53,610,168
train_image_1.48.jpg,546,640,dead_end_sign,307,489,361,552
train_image_1.49.jpg,640,480,dead_end_sign,14,374,69,455
train_image_1.50.jpg,640,496,dead_end_sign,49,45,108,104
train_image_1.51.jpg,640,496,dead_end_sign,158,156,232,230
train_image_1.52.jpg,498,639,dead_end_sign,43,509,102,587
train_image_1.53.jpg,640,480,dead_end_sign,156,323,290,457
train_image_1.54.jpg,639,582,dead_end_sign,54,170,152,257
train_image_1.55.jpg,480,640,dead_end_sign,367,372,439,444
train_image_1.56.jpg,640,640,dead_end_sign,555,508,606,559
train_image_1.57.jpg,480,640,dead_end_sign,333,515,376,558
train_image_1.58.jpg,640,640,dead_end_sign,250,301,403,454
train_image_1.59.jpg,640,640,dead_end_sign,174,329,360,514
train_image_1.60.jpg,640,480,dead_end_sign,334,51,371,99
train_image_1.61.jpg,639,426,dead_end_sign,259,41,346,121
train_image_1.62.jpg,639,425,dead_end_sign,17,191,76,233
train_image_1.63.jpg,480,640,dead_end_sign,30,457,150,596
train_image_1.64.jpg,640,640,dead_end_sign,478,259,542,323
train_image_1.65.jpg,639,426,dead_end_sign,455,286,510,341
train_image_1.66.jpg,480,640,dead_end_sign,121,138,173,190
train_image_1.67.jpg,426,639,dead_end_sign,225,417,254,445
train_image_1.68.jpg,523,640,dead_end_sign,299,23,414,133
train_image_1.69.jpg,640,640,dead_end_sign,227,197,310,280
train_image_1.70.jpg,640,427,dead_end_sign,33,281,56,306
train_image_1.71.jpg,640,427,dead_end_sign,564,184,610,230
train_image_1.72.jpg,640,480,dead_end_sign,411,310,467,367
train_image_1.73.jpg,639,481,dead_end_sign,164,73,236,145
train_image_1.74.jpg,640,640,dead_end_sign,204,131,338,265
train_image_1.75.jpg,640,640,dead_end_sign,176,355,227,406
train_image_1.76.jpg,640,640,dead_end_sign,151,199,331,352
train_image_1.77.jpg,639,426,dead_end_sign,401,78,494,171
train_image_1.78.jpg,480,640,dead_end_sign,225,355,287,417
train_image_1.79.jpg,640,533,dead_end_sign,153,84,190,121
train_image_1.80.jpg,640,427,dead_end_sign,42,166,146,242
train_image_1.81.jpg,512,512,dead_end_sign,358,315,408,345
train_image_1.82.jpg,640,480,dead_end_sign,162,278,200,316
train_image_1.83.jpg,640,457,dead_end_sign,208,10,313,115
train_image_1.84.jpg,639,424,dead_end_sign,454,57,486,99
train_image_1.85.jpg,590,639,dead_end_sign,324,190,418,284
train_image_1.86.jpg,640,640,dead_end_sign,487,267,563,343
train_image_1.87.jpg,640,513,dead_end_sign,87,36,199,148
train_image_1.88.jpg,426,639,dead_end_sign,183,470,234,521
train_image_1.89.jpg,640,640,dead_end_sign,322,408,453,593
train_image_1.90.jpg,640,572,dead_end_sign,22,288,159,425
train_image_1.91.jpg,639,587,dead_end_sign,118,391,264,537
train_image_1.92.jpg,640,629,dead_end_sign,436,443,530,537
train_image_1.93.jpg,639,426,dead_end_sign,205,174,247,216
train_image_1.94.jpg,640,480,dead_end_sign,25,229,154,358
train_image_1.95.jpg,481,427,dead_end_sign,257,240,285,269
train_image_1.96.jpg,640,480,dead_end_sign,400,332,505,437
train_image_1.97.jpg,640,480,dead_end_sign,81,276,177,372
train_image_1.98.jpg,426,639,dead_end_sign,328,55,408,161
train_image_1.99.jpg,640,640,dead_end_sign,554,341,609,424
train_image_1.100.jpg,635,640,dead_end_sign,13,218,197,402
train_image_1.101.jpg,640,640,dead_end_sign,59,117,203,225
train_image_1.102.jpg,640,640,dead_end_sign,96,150,198,252
train_image_1.103.jpg,640,640,dead_end_sign,233,355,288,438
train_image_1.104.jpg,640,640,dead_end_sign,252,231,343,378
train_image_1.105.jpg,598,640,dead_end_sign,152,335,241,424
train_image_1.106.jpg,640,640,dead_end_sign,140,54,325,239
train_image_1.107.jpg,639,426,dead_end_sign,294,180,366,252
train_image_1.108.jpg,639,492,dead_end_sign,27,216,125,314
train_image_2.1.jpg,640,480,do_not_enter_sign,99,344,137,382
train_image_2.2.jpg,640,640,do_not_enter_sign,146,447,231,530
train_image_2.3.jpg,640,640,do_not_enter_sign,390,117,475,232
train_image_2.4.jpg,640,640,do_not_enter_sign,25,84,197,256
train_image_2.5.jpg,640,640,do_not_enter_sign,362,378,425,422
train_image_2.6.jpg,600,600,do_not_enter_sign,434,78,494,138
train_image_2.7.jpg,640,425,do_not_enter_sign,33,315,122,404
train_image_2.8.jpg,640,628,do_not_enter_sign,38,230,169,361
train_image_2.9.jpg,640,480,do_not_enter_sign,233,99,449,228
train_image_2.10.jpg,427,640,do_not_enter_sign,177,140,249,230
train_image_2.11.jpg,639,480,do_not_enter_sign,33,65,111,122
train_image_2.12.jpg,639,426,do_not_enter_sign,553,150,579,184
train_image_2.13.jpg,639,459,do_not_enter_sign,327,269,391,333
train_image_2.14.jpg,468,639,do_not_enter_sign,214,205,274,264
train_image_2.15.jpg,570,533,do_not_enter_sign,336,128,474,266
train_image_2.16.jpg,576,592,do_not_enter_sign,423,188,549,326
train_image_2.17.jpg,640,480,do_not_enter_sign,433,120,466,153
train_image_2.18.jpg,640,480,do_not_enter_sign,159,30,197,68
train_image_2.19.jpg,640,640,do_not_enter_sign,556,561,610,612
train_image_2.20.jpg,640,512,do_not_enter_sign,338,274,404,340
train_image_2.21.jpg,640,640,do_not_enter_sign,377,118,517,220
train_image_2.22.jpg,640,640,do_not_enter_sign,208,192,284,256
train_image_2.23.jpg,640,640,do_not_enter_sign,56,191,177,312
train_image_2.24.jpg,640,427,do_not_enter_sign,181,246,225,310
train_image_2.25.jpg,640,480,do_not_enter_sign,387,323,521,457
train_image_2.26.jpg,640,480,do_not_enter_sign,387,262,468,343
train_image_2.27.jpg,640,512,do_not_enter_sign,238,124,366,252
train_image_2.28.jpg,640,480,do_not_enter_sign,519,11,615,107
train_image_2.29.jpg,640,480,do_not_enter_sign,489,282,585,378
train_image_2.30.jpg,640,640,do_not_enter_sign,213,261,251,299
train_image_2.31.jpg,639,505,do_not_enter_sign,466,122,506,162
train_image_2.32.jpg,639,479,do_not_enter_sign,270,388,300,431
train_image_2.33.jpg,640,640,do_not_enter_sign,483,199,594,365
train_image_2.34.jpg,639,453,do_not_enter_sign,173,243,241,329
train_image_2.35.jpg,426,639,do_not_enter_sign,111,571,153,612
train_image_2.36.jpg,640,480,do_not_enter_sign,518,80,594,156
train_image_2.37.jpg,640,640,do_not_enter_sign,247,297,336,386
train_image_2.38.jpg,640,480,do_not_enter_sign,309,215,352,258
train_image_2.39.jpg,639,426,do_not_enter_sign,351,227,436,342
train_image_2.40.jpg,640,480,do_not_enter_sign,169,90,279,200
train_image_2.41.jpg,640,591,do_not_enter_sign,135,220,233,285
train_image_2.42.jpg,640,640,do_not_enter_sign,217,40,402,225
train_image_2.43.jpg,640,480,do_not_enter_sign,347,218,417,285
train_image_2.44.jpg,640,480,do_not_enter_sign,396,141,448,193
train_image_2.45.jpg,640,426,do_not_enter_sign,488,79,517,108
train_image_2.46.jpg,639,485,do_not_enter_sign,97,178,145,226
train_image_2.47.jpg,640,500,do_not_enter_sign,477,211,512,246
train_image_2.48.jpg,546,640,do_not_enter_sign,434,248,477,290
train_image_2.49.jpg,640,480,do_not_enter_sign,161,354,202,421
train_image_2.50.jpg,640,496,do_not_enter_sign,27,288,61,322
train_image_2.51.jpg,640,496,do_not_enter_sign,157,298,202,337
train_image_2.52.jpg,498,639,do_not_enter_sign,245,170,384,308
train_image_2.53.jpg,640,480,do_not_enter_sign,264,326,364,426
train_image_2.54.jpg,639,582,do_not_enter_sign,308,166,374,235
train_image_2.55.jpg,480,640,do_not_enter_sign,60,343,93,375
train_image_2.56.jpg,640,640,do_not_enter_sign,335,225,424,314
train_image_2.57.jpg,480,640,do_not_enter_sign,334,235,420,320
train_image_2.58.jpg,640,640,do_not_enter_sign,160,270,204,327
train_image_2.59.jpg,640,640,do_not_enter_sign,141,205,224,288
train_image_2.60.jpg,640,480,do_not_enter_sign,31,309,143,385
train_image_2.61.jpg,639,426,do_not_enter_sign,61,162,111,225
train_image_2.62.jpg,639,425,do_not_enter_sign,202,169,236,211
train_image_2.63.jpg,480,640,do_not_enter_sign,307,456,403,551
train_image_2.64.jpg,640,640,do_not_enter_sign,360,415,520,575
train_image_2.65.jpg,639,426,do_not_enter_sign,341,106,405,203
train_image_2.66.jpg,480,640,do_not_enter_sign,33,550,71,587
train_image_2.67.jpg,426,639,do_not_enter_sign,356,491,381,507
train_image_2.68.jpg,523,640,do_not_enter_sign,243,184,279,210
train_image_2.69.jpg,640,640,do_not_enter_sign,217,472,357,612
train_image_2.70.jpg,640,427,do_not_enter_sign,474,332,555,413
train_image_2.71.jpg,640,427,do_not_enter_sign,275,240,316,278
train_image_2.72.jpg,640,480,do_not_enter_sign,320,285,411,376
train_image_2.73.jpg,639,481,do_not_enter_sign,267,108,348,189
train_image_2.74.jpg,640,640,do_not_enter_sign,252,345,360,453
train_image_2.75.jpg,640,640,do_not_enter_sign,66,295,280,442
train_image_2.76.jpg,640,640,do_not_enter_sign,411,234,513,336
train_image_2.77.jpg,639,426,do_not_enter_sign,133,283,213,363
train_image_2.78.jpg,480,640,do_not_enter_sign,48,505,110,543
train_image_2.79.jpg,640,533,do_not_enter_sign,519,194,620,295
train_image_2.80.jpg,640,427,do_not_enter_sign,140,171,208,239
train_image_2.81.jpg,512,512,do_not_enter_sign,296,131,383,218
train_image_2.82.jpg,640,480,do_not_enter_sign,331,197,441,307
train_image_2.83.jpg,640,457,do_not_enter_sign,240,142,278,173
train_image_2.84.jpg,639,424,do_not_enter_sign,387,176,471,235
train_image_2.85.jpg,590,639,do_not_enter_sign,69,409,163,502
train_image_2.86.jpg,640,640,do_not_enter_sign,107,110,247,250
train_image_2.87.jpg,640,513,do_not_enter_sign,467,199,584,316
train_image_2.88.jpg,426,639,do_not_enter_sign,174,494,293,587
train_image_2.89.jpg,640,640,do_not_enter_sign,153,158,382,318
train_image_2.90.jpg,640,572,do_not_enter_sign,110,374,166,425
train_image_2.91.jpg,639,587,do_not_enter_sign,316,246,398,328
train_image_2.92.jpg,640,629,do_not_enter_sign,496,334,552,390
train_image_2.93.jpg,639,426,do_not_enter_sign,376,243,499,366
train_image_2.94.jpg,640,480,do_not_enter_sign,229,234,286,291
train_image_2.95.jpg,481,427,do_not_enter_sign,195,28,330,151
train_image_2.96.jpg,640,480,do_not_enter_sign,190,68,269,178
train_image_2.97.jpg,640,480,do_not_enter_sign,469,16,593,140
train_image_2.98.jpg,426,639,do_not_enter_sign,357,511,412,565
train_image_2.99.jpg,640,640,do_not_enter_sign,182,32,322,172
train_image_2.100.jpg,635,640,do_not_enter_sign,524,126,562,163
train_image_2.101.jpg,640,640,do_not_enter_sign,199,217,243,261
train_image_2.102.jpg,640,640,do_not_enter_sign,333,426,366,470
train_image_2.103.jpg,640,640,do_not_enter_sign,35,206,124,295
train_image_2.104.jpg,640,640,do_not_enter_sign,407,68,573,234
train_image_2.105.jpg,598,640,do_not_enter_sign,424,300,513,388
train_image_2.106.jpg,640,640,do_not_enter_sign,180,383,263,466
train_image_2.107.jpg,639,426,do_not_enter_sign,255,224,361,330
train_image_2.108.jpg,639,492,do_not_enter_sign,124,186,232,294
train_image_3.1.jpg,640,480,interstate_sign,352,182,441,282
train_image_3.2.jpg,640,640,interstate_sign,199,244,400,404
train_image_3.3.jpg,640,640,interstate_sign,199,53,369,225
train_image_3.4.jpg,640,640,interstate_sign,314,468,434,589
train_image_3.5.jpg,640,640,interstate_sign,399,388,577,560
train_image_3.6.jpg,600,600,interstate_sign,235,129,403,273
train_image_3.7.jpg,640,425,interstate_sign,445,70,567,193
train_image_3.8.jpg,640,628,interstate_sign,14,69,175,232
train_image_3.9.jpg,640,480,interstate_sign,490,88,546,145
train_image_3.10.jpg,427,640,interstate_sign,332,355,404,427
train_image_3.11.jpg,639,480,interstate_sign,36,138,150,253
train_image_3.12.jpg,639,426,interstate_sign,167,120,238,230
train_image_3.13.jpg,639,459,interstate_sign,295,15,376,134
train_image_3.14.jpg,468,639,interstate_sign,164,364,210,410
train_image_3.15.jpg,570,533,interstate_sign,392,230,539,379
train_image_3.16.jpg,576,592,interstate_sign,482,196,528,242
train_image_3.17.jpg,640,480,interstate_sign,120,232,156,289
train_image_3.18.jpg,640,480,interstate_sign,49,59,100,111
train_image_3.19.jpg,640,640,interstate_sign,309,125,387,195
train_image_3.20.jpg,640,512,interstate_sign,219,231,249,271
train_image_3.21.jpg,640,640,interstate_sign,151,285,319,387
train_image_3.22.jpg,640,640,interstate_sign,186,217,224,261
train_image_3.23.jpg,640,640,interstate_sign,463,46,615,167
train_image_3.24.jpg,640,427,interstate_sign,451,25,526,84
train_image_3.25.jpg,640,480,interstate_sign,204,341,298,437
train_image_3.26.jpg,640,480,interstate_sign,427,397,477,459
train_image_3.27.jpg,640,512,interstate_sign,401,118,450,158
train_image_3.28.jpg,640,480,interstate_sign,340,158,397,210
train_image_3.29.jpg,640,480,interstate_sign,203,262,260,300
train_image_3.30.jpg,640,640,interstate_sign,295,68,383,157
train_image_3.31.jpg,639,505,interstate_sign,126,101,215,191
train_image_3.32.jpg,639,479,interstate_sign,353,267,397,338
train_image_3.33.jpg,640,640,interstate_sign,368,280,526,376
train_image_3.34.jpg,639,453,interstate_sign,27,222,116,353
train_image_3.35.jpg,426,639,interstate_sign,181,270,304,393
train_image_3.36.jpg,640,480,interstate_sign,334,100,448,215
train_image_3.37.jpg,640,640,interstate_sign,453,302,552,366
train_image_3.38.jpg,640,480,interstate_sign,285,370,370,456
train_image_3.39.jpg,639,426,interstate_sign,448,107,527,187
train_image_3.40.jpg,640,480,interstate_sign,20,206,86,273
train_image_3.41.jpg,640,591,interstate_sign,522,59,571,135
train_image_3.42.jpg,640,640,interstate_sign,105,253,161,310
train_image_3.43.jpg,640,480,interstate_sign,532,63,573,106
train_image_3.44.jpg,640,480,interstate_sign,399,200,446,248
train_image_3.45.jpg,640,426,interstate_sign,350,86,429,166
train_image_3.46.jpg,639,485,interstate_sign,237,246,375,381
train_image_3.47.jpg,640,500,interstate_sign,275,299,364,389
train_image_3.48.jpg,546,640,interstate_sign,75,532,151,608
train_image_3.49.jpg,640,480,interstate_sign,442,165,517,241
train_image_3.50.jpg,640,496,interstate_sign,59,11,102,55
train_image_3.51.jpg,640,496,interstate_sign,446,192,509,256
train_image_3.52.jpg,498,639,interstate_sign,196,131,330,266
train_image_3.53.jpg,640,480,interstate_sign,576,386,605,434
train_image_3.54.jpg,639,582,interstate_sign,348,138,387,178
train_image_3.55.jpg,480,640,interstate_sign,413,325,451,363
train_image_3.56.jpg,640,640,interstate_sign,41,216,124,280
train_image_3.57.jpg,480,640,interstate_sign,296,484,387,575
train_image_3.58.jpg,640,640,interstate_sign,366,393,524,553
train_image_3.59.jpg,640,640,interstate_sign,340,95,510,267
train_image_3.60.jpg,640,480,interstate_sign,505,389,576,461
train_image_3.61.jpg,639,426,interstate_sign,243,112,342,205
train_image_3.62.jpg,639,425,interstate_sign,199,140,249,191
train_image_3.63.jpg,480,640,interstate_sign,59,96,188,184
train_image_3.64.jpg,640,640,interstate_sign,320,521,421,623
train_image_3.65.jpg,639,426,interstate_sign,196,197,297,299
train_image_3.66.jpg,480,640,interstate_sign,76,170,176,270
train_image_3.67.jpg,426,639,interstate_sign,41,108,151,218
train_image_3.68.jpg,523,640,interstate_sign,353,96,447,200
train_image_3.69.jpg,640,640,interstate_sign,527,391,622,487
train_image_3.70.jpg,640,427,interstate_sign,484,254,594,365
train_image_3.71.jpg,640,427,interstate_sign,169,238,279,349
train_image_3.72.jpg,640,480,interstate_sign,61,51,88,79
train_image_3.73.jpg,639,481,interstate_sign,465,107,597,241
train_image_3.74.jpg,640,640,interstate_sign,185,355,311,483
train_image_3.75.jpg,640,640,interstate_sign,133,84,303,256
train_image_3.76.jpg,640,640,interstate_sign,118,374,276,534
train_image_3.77.jpg,639,426,interstate_sign,360,234,427,302
train_image_3.78.jpg,480,640,interstate_sign,263,14,330,57
train_image_3.79.jpg,640,533,interstate_sign,416,396,489,470
train_image_3.80.jpg,640,427,interstate_sign,269,71,374,182
train_image_3.81.jpg,512,512,interstate_sign,111,401,186,467
train_image_3.82.jpg,640,480,interstate_sign,283,133,402,253
train_image_3.83.jpg,640,457,interstate_sign,79,150,173,245
train_image_3.84.jpg,639,424,interstate_sign,556,192,586,234
train_image_3.85.jpg,590,639,interstate_sign,119,382,290,554
train_image_3.86.jpg,640,640,interstate_sign,62,22,131,92
train_image_3.87.jpg,640,513,interstate_sign,500,48,607,191
train_image_3.88.jpg,426,639,interstate_sign,258,338,309,389
train_image_3.89.jpg,640,640,interstate_sign,241,286,367,414
train_image_3.90.jpg,640,572,interstate_sign,365,92,421,177
train_image_3.91.jpg,639,587,interstate_sign,374,428,545,568
train_image_3.92.jpg,640,629,interstate_sign,548,148,591,192
train_image_3.93.jpg,639,426,interstate_sign,408,169,479,241
train_image_3.94.jpg,640,480,interstate_sign,80,248,167,320
train_image_3.95.jpg,481,427,interstate_sign,279,15,363,100
train_image_3.96.jpg,640,480,interstate_sign,264,272,296,305
train_image_3.97.jpg,640,480,interstate_sign,95,186,231,286
train_image_3.98.jpg,426,639,interstate_sign,113,351,219,427
train_image_3.99.jpg,640,640,interstate_sign,232,259,349,335
train_image_3.100.jpg,635,640,interstate_sign,143,208,308,374
train_image_3.101.jpg,640,640,interstate_sign,439,253,514,329
train_image_3.102.jpg,640,640,interstate_sign,251,321,350,397
train_image_3.103.jpg,640,640,interstate_sign,99,500,213,615
train_image_3.104.jpg,640,640,interstate_sign,87,63,238,216
train_image_3.105.jpg,598,640,interstate_sign,451,500,552,601
train_image_3.106.jpg,640,640,interstate_sign,390,516,483,624
train_image_3.107.jpg,639,426,interstate_sign,420,252,512,345
train_image_3.108.jpg,639,492,interstate_sign,385,141,510,268
train_image_4.1.jpg,640,480,no_u_turn_sign,232,344,304,416
train_image_4.2.jpg,640,640,no_u_turn_sign,52,545,105,589
train_image_4.3.jpg,640,640,no_u_turn_sign,188,149,400,321
train_image_4.4.jpg,640,640,no_u_turn_sign,145,104,236,206
train_image_4.5.jpg,640,640,no_u_turn_sign,426,368,529,470
train_image_4.6.jpg,600,600,no_u_turn_sign,122,148,240,268
train_image_4.7.jpg,640,425,no_u_turn_sign,27,158,165,243
train_image_4.8.jpg,640,628,no_u_turn_sign,138,194,175,231
train_image_4.9.jpg,640,480,no_u_turn_sign,168,50,303,184
train_image_4.10.jpg,427,640,no_u_turn_sign,132,341,243,421
train_image_4.11.jpg,639,480,no_u_turn_sign,228,309,438,438
train_image_4.12.jpg,639,426,no_u_turn_sign,41,119,131,208
train_image_4.13.jpg,639,459,no_u_turn_sign,261,293,349,380
train_image_4.14.jpg,468,639,no_u_turn_sign,299,354,383,407
train_image_4.15.jpg,570,533,no_u_turn_sign,431,47,513,164
train_image_4.16.jpg,576,592,no_u_turn_sign,139,61,248,195
train_image_4.17.jpg,640,480,no_u_turn_sign,492,395,520,423
train_image_4.18.jpg,640,480,no_u_turn_sign,71,46,143,118
train_image_4.19.jpg,640,640,no_u_turn_sign,180,469,264,552
train_image_4.20.jpg,640,512,no_u_turn_sign,245,344,301,400
train_image_4.21.jpg,640,640,no_u_turn_sign,352,527,470,623
train_image_4.22.jpg,640,640,no_u_turn_sign,111,378,194,461
train_image_4.23.jpg,640,640,no_u_turn_sign,318,220,427,328
train_image_4.24.jpg,640,427,no_u_turn_sign,382,214,424,260
train_image_4.25.jpg,640,480,no_u_turn_sign,453,329,510,420
train_image_4.26.jpg,640,480,no_u_turn_sign,59,220,160,320
train_image_4.27.jpg,640,512,no_u_turn_sign,17,265,78,326
train_image_4.28.jpg,640,480,no_u_turn_sign,88,334,136,382
train_image_4.29.jpg,640,480,no_u_turn_sign,211,24,279,124
train_image_4.30.jpg,640,640,no_u_turn_sign,74,161,218,295
train_image_4.31.jpg,639,505,no_u_turn_sign,444,123,483,188
train_image_4.32.jpg,639,479,no_u_turn_sign,427,66,547,185
train_image_4.33.jpg,640,640,no_u_turn_sign,214,432,296,528
train_image_4.34.jpg,639,453,no_u_turn_sign,149,25,263,138
train_image_4.35.jpg,426,639,no_u_turn_sign,179,313,242,366
train_image_4.36.jpg,640,480,no_u_turn_sign,468,320,560,430
train_image_4.37.jpg,640,640,no_u_turn_sign,36,386,120,469
train_image_4.38.jpg,640,480,no_u_turn_sign,233,321,331,426
train_image_4.39.jpg,639,426,no_u_turn_sign,326,300,420,393
train_image_4.40.jpg,640,480,no_u_turn_sign,464,359,507,402
train_image_4.41.jpg,640,591,no_u_turn_sign,292,279,447,403
train_image_4.42.jpg,640,640,no_u_turn_sign,367,168,437,238
train_image_4.43.jpg,640,480,no_u_turn_sign,98,40,155,97
train_image_4.44.jpg,640,480,no_u_turn_sign,123,164,258,298
train_image_4.45.jpg,640,426,no_u_turn_sign,109,142,155,188
train_image_4.46.jpg,639,485,no_u_turn_sign,488,62,615,188
train_image_4.47.jpg,640,500,no_u_turn_sign,196,120,312,235
train_image_4.48.jpg,546,640,no_u_turn_sign,68,237,128,296
train_image_4.49.jpg,640,480,no_u_turn_sign,167,58,229,120
train_image_4.50.jpg,640,496,no_u_turn_sign,108,146,293,270
train_image_4.51.jpg,640,496,no_u_turn_sign,118,421,147,450
train_image_4.52.jpg,498,639,no_u_turn_sign,11,416,50,454
train_image_4.53.jpg,640,480,no_u_turn_sign,158,226,222,302
train_image_4.54.jpg,639,582,no_u_turn_sign,156,337,214,395
train_image_4.55.jpg,480,640,no_u_turn_sign,132,358,170,395
train_image_4.56.jpg,640,640,no_u_turn_sign,99,227,286,412
train_image_4.57.jpg,480,640,no_u_turn_sign,269,361,336,427
train_image_4.58.jpg,640,640,no_u_turn_sign,242,151,312,221
train_image_4.59.jpg,640,640,no_u_turn_sign,281,31,409,184
train_image_4.60.jpg,640,480,no_u_turn_sign,331,278,385,335
train_image_4.61.jpg,639,426,no_u_turn_sign,118,318,190,390
train_image_4.62.jpg,639,425,no_u_turn_sign,115,116,206,196
train_image_4.63.jpg,480,640,no_u_turn_sign,212,115,279,206
train_image_4.64.jpg,640,640,no_u_turn_sign,390,62,434,106
train_image_4.65.jpg,639,426,no_u_turn_sign,75,142,130,197
train_image_4.66.jpg,480,640,no_u_turn_sign,354,458,440,542
train_image_4.67.jpg,426,639,no_u_turn_sign,76,378,169,469
train_image_4.68.jpg,523,640,no_u_turn_sign,130,74,177,120
train_image_4.69.jpg,640,640,no_u_turn_sign,194,63,329,197
train_image_4.70.jpg,640,427,no_u_turn_sign,464,52,563,150
train_image_4.71.jpg,640,427,no_u_turn_sign,188,71,274,122
train_image_4.72.jpg,640,480,no_u_turn_sign,390,372,487,468
train_image_4.73.jpg,639,481,no_u_turn_sign,196,50,288,141
train_image_4.74.jpg,640,640,no_u_turn_sign,445,447,618,594
train_image_4.75.jpg,640,640,no_u_turn_sign,388,209,491,311
train_image_4.76.jpg,640,640,no_u_turn_sign,376,288,499,403
train_image_4.77.jpg,639,426,no_u_turn_sign,385,86,440,166
train_image_4.78.jpg,480,640,no_u_turn_sign,221,292,278,348
train_image_4.79.jpg,640,533,no_u_turn_sign,79,166,171,261
train_image_4.80.jpg,640,427,no_u_turn_sign,214,239,290,315
train_image_4.81.jpg,512,512,no_u_turn_sign,206,87,355,235
train_image_4.82.jpg,640,480,no_u_turn_sign,551,59,594,126
train_image_4.83.jpg,640,457,no_u_turn_sign,458,52,535,147
train_image_4.84.jpg,639,424,no_u_turn_sign,463,230,553,319
train_image_4.85.jpg,590,639,no_u_turn_sign,222,277,334,387
train_image_4.86.jpg,640,640,no_u_turn_sign,357,192,447,281
train_image_4.87.jpg,640,513,no_u_turn_sign,90,117,198,224
train_image_4.88.jpg,426,639,no_u_turn_sign,239,378,315,438
train_image_4.89.jpg,640,640,no_u_turn_sign,264,77,328,141
train_image_4.90.jpg,640,572,no_u_turn_sign,429,388,550,508
train_image_4.91.jpg,639,587,no_u_turn_sign,419,80,483,144
train_image_4.92.jpg,640,629,no_u_turn_sign,307,104,402,198
train_image_4.93.jpg,639,426,no_u_turn_sign,253,318,316,381
train_image_4.94.jpg,640,480,no_u_turn_sign,415,48,465,86
train_image_4.95.jpg,481,427,no_u_turn_sign,416,247,449,293
train_image_4.96.jpg,640,480,no_u_turn_sign,50,312,161,422
train_image_4.97.jpg,640,480,no_u_turn_sign,528,110,600,182
train_image_4.98.jpg,426,639,no_u_turn_sign,323,366,408,449
train_image_4.99.jpg,640,640,no_u_turn_sign,241,285,402,445
train_image_4.100.jpg,635,640,no_u_turn_sign,44,386,88,436
train_image_4.101.jpg,640,640,no_u_turn_sign,495,529,548,586
train_image_4.102.jpg,640,640,no_u_turn_sign,341,374,502,534
train_image_4.103.jpg,640,640,no_u_turn_sign,211,543,262,594
train_image_4.104.jpg,640,640,no_u_turn_sign,50,342,94,386
train_image_4.105.jpg,598,640,no_u_turn_sign,360,27,503,215
train_image_4.106.jpg,640,640,no_u_turn_sign,54,289,235,468
train_image_4.107.jpg,639,426,no_u_turn_sign,429,257,471,299
train_image_4.108.jpg,639,492,no_u_turn_sign,185,38,244,97
train_image_5.1.jpg,640,480,railroad_crossing_sign,361,270,498,409
train_image_5.2.jpg,640,640,railroad_crossing_sign,448,342,565,495
train_image_5.3.jpg,640,640,railroad_crossing_sign,74,299,142,388
train_image_5.4.jpg,640,640,railroad_crossing_sign,410,264,546,385
train_image_5.5.jpg,640,640,railroad_crossing_sign,421,163,604,348
train_image_5.6.jpg,600,600,railroad_crossing_sign,428,79,482,169
train_image_5.7.jpg,640,425,railroad_crossing_sign,211,135,315,241
train_image_5.8.jpg,640,628,railroad_crossing_sign,344,171,473,302
train_image_5.9.jpg,640,480,railroad_crossing_sign,526,192,563,230
train_image_5.10.jpg,427,640,railroad_crossing_sign,234,299,353,419
train_image_5.11.jpg,639,480,railroad_crossing_sign,375,18,516,128
train_image_5.12.jpg,639,426,railroad_crossing_sign,451,323,484,357
train_image_5.13.jpg,639,459,railroad_crossing_sign,114,16,209,112
train_image_5.14.jpg,468,639,railroad_crossing_sign,376,498,432,537
train_image_5.15.jpg,570,533,railroad_crossing_sign,379,310,415,347
train_image_5.16.jpg,576,592,railroad_crossing_sign,249,29,295,83
train_image_5.17.jpg,640,480,railroad_crossing_sign,409,40,517,150
train_image_5.18.jpg,640,480,railroad_crossing_sign,87,293,145,350
train_image_5.19.jpg,640,640,railroad_crossing_sign,523,45,603,147
train_image_5.20.jpg,640,512,railroad_crossing_sign,22,209,87,275
train_image_5.21.jpg,640,640,railroad_crossing_sign,240,415,378,555
train_image_5.22.jpg,640,640,railroad_crossing_sign,333,42,531,214
train_image_5.23.jpg,640,640,railroad_crossing_sign,278,222,388,298
train_image_5.24.jpg,640,427,railroad_crossing_sign,417,180,438,214
train_image_5.25.jpg,640,480,railroad_crossing_sign,475,121,512,159
train_image_5.26.jpg,640,480,railroad_crossing_sign,83,342,125,385
train_image_5.27.jpg,640,512,railroad_crossing_sign,429,69,555,197
train_image_5.28.jpg,640,480,railroad_crossing_sign,264,87,341,159
train_image_5.29.jpg,640,480,railroad_crossing_sign,466,231,569,336
train_image_5.30.jpg,640,640,railroad_crossing_sign,147,41,271,124
train_image_5.31.jpg,639,505,railroad_crossing_sign,236,41,325,187
train_image_5.32.jpg,639,479,railroad_crossing_sign,361,28,425,133
train_image_5.33.jpg,640,640,railroad_crossing_sign,175,166,241,268
train_image_5.34.jpg,639,453,railroad_crossing_sign,139,137,197,232
train_image_5.35.jpg,426,639,railroad_crossing_sign,153,75,208,130
train_image_5.36.jpg,640,480,railroad_crossing_sign,70,303,145,379
train_image_5.37.jpg,640,640,railroad_crossing_sign,494,72,595,174
train_image_5.38.jpg,640,480,railroad_crossing_sign,51,331,84,388
train_image_5.39.jpg,639,426,railroad_crossing_sign,150,153,221,225
train_image_5.40.jpg,640,480,railroad_crossing_sign,402,164,449,212
train_image_5.41.jpg,640,591,railroad_crossing_sign,251,16,361,128
train_image_5.42.jpg,640,640,railroad_crossing_sign,271,264,459,424
train_image_5.43.jpg,640,480,railroad_crossing_sign,450,271,615,371
train_image_5.44.jpg,640,480,railroad_crossing_sign,343,160,404,222
train_image_5.45.jpg,640,426,railroad_crossing_sign,297,232,410,347
train_image_5.46.jpg,639,485,railroad_crossing_sign,343,288,457,404
train_image_5.47.jpg,640,500,railroad_crossing_sign,391,130,490,230
train_image_5.48.jpg,546,640,railroad_crossing_sign,22,35,158,172
train_image_5.49.jpg,640,480,railroad_crossing_sign,182,192,377,326
train_image_5.50.jpg,640,496,railroad_crossing_sign,214,252,350,390
train_image_5.51.jpg,640,496,railroad_crossing_sign,424,426,477,480
train_image_5.52.jpg,498,639,railroad_crossing_sign,343,232,377,266
train_image_5.53.jpg,640,480,railroad_crossing_sign,286,174,399,289
train_image_5.54.jpg,639,582,railroad_crossing_sign,345,384,447,488
train_image_5.55.jpg,480,640,railroad_crossing_sign,232,358,371,509
train_image_5.56.jpg,640,640,railroad_crossing_sign,189,362,308,483
train_image_5.57.jpg,480,640,railroad_crossing_sign,329,288,468,407
train_image_5.58.jpg,640,640,railroad_crossing_sign,220,271,447,443
train_image_5.59.jpg,640,640,railroad_crossing_sign,270,138,444,291
train_image_5.60.jpg,640,480,railroad_crossing_sign,181,361,252,433
train_image_5.61.jpg,639,426,railroad_crossing_sign,241,115,311,200
train_image_5.62.jpg,639,425,railroad_crossing_sign,424,349,461,387
train_image_5.63.jpg,480,640,railroad_crossing_sign,95,360,215,481
train_image_5.64.jpg,640,640,railroad_crossing_sign,137,383,204,479
train_image_5.65.jpg,639,426,railroad_crossing_sign,24,94,48,119
train_image_5.66.jpg,480,640,railroad_crossing_sign,332,332,360,368
train_image_5.67.jpg,426,639,railroad_crossing_sign,70,354,133,392
train_image_5.68.jpg,523,640,railroad_crossing_sign,19,204,66,251
train_image_5.69.jpg,640,640,railroad_crossing_sign,476,60,589,175
train_image_5.70.jpg,640,427,railroad_crossing_sign,396,231,443,277
train_image_5.71.jpg,640,427,railroad_crossing_sign,385,119,520,217
train_image_5.72.jpg,640,480,railroad_crossing_sign,461,185,531,233
train_image_5.73.jpg,639,481,railroad_crossing_sign,180,79,236,127
train_image_5.74.jpg,640,640,railroad_crossing_sign,180,271,338,431
train_image_5.75.jpg,640,640,railroad_crossing_sign,41,235,160,356
train_image_5.76.jpg,640,640,railroad_crossing_sign,240,158,526,337
train_image_5.77.jpg,639,426,railroad_crossing_sign,197,10,255,69
train_image_5.78.jpg,480,640,railroad_crossing_sign,383,75,416,108
train_image_5.79.jpg,640,533,railroad_crossing_sign,155,61,196,103
train_image_5.80.jpg,640,427,railroad_crossing_sign,36,95,116,176
train_image_5.81.jpg,512,512,railroad_crossing_sign,281,109,412,242
train_image_5.82.jpg,640,480,railroad_crossing_sign,227,66,354,195
train_image_5.83.jpg,640,457,railroad_crossing_sign,71,124,180,229
train_image_5.84.jpg,639,424,railroad_crossing_sign,195,274,290,346
train_image_5.85.jpg,590,639,railroad_crossing_sign,400,379,459,438
train_image_5.86.jpg,640,640,railroad_crossing_sign,196,366,275,423
train_image_5.87.jpg,640,513,railroad_crossing_sign,450,229,615,372
train_image_5.88.jpg,426,639,railroad_crossing_sign,237,197,296,256
train_image_5.89.jpg,640,640,railroad_crossing_sign,108,342,203,438
train_image_5.90.jpg,640,572,railroad_crossing_sign,185,189,308,314
train_image_5.91.jpg,639,587,railroad_crossing_sign,234,391,279,437
train_image_5.92.jpg,640,629,railroad_crossing_sign,409,91,588,210
train_image_5.93.jpg,639,426,railroad_crossing_sign,136,246,169,280
train_image_5.94.jpg,640,480,railroad_crossing_sign,207,287,334,416
train_image_5.95.jpg,481,427,railroad_crossing_sign,283,126,328,202
train_image_5.96.jpg,640,480,railroad_crossing_sign,86,197,202,269
train_image_5.97.jpg,640,480,railroad_crossing_sign,245,232,363,352
train_image_5.98.jpg,426,639,railroad_crossing_sign,294,349,396,474
train_image_5.99.jpg,640,640,railroad_crossing_sign,177,392,278,494
train_image_5.100.jpg,635,640,railroad_crossing_sign,241,325,412,530
train_image_5.101.jpg,640,640,railroad_crossing_sign,301,244,372,333
train_image_5.102.jpg,640,640,railroad_crossing_sign,241,391,399,551
train_image_5.103.jpg,640,640,railroad_crossing_sign,149,411,212,475
train_image_5.104.jpg,640,640,railroad_crossing_sign,389,304,523,432
train_image_5.105.jpg,598,640,railroad_crossing_sign,503,176,562,235
train_image_5.106.jpg,640,640,railroad_crossing_sign,397,24,434,62
train_image_5.107.jpg,639,426,railroad_crossing_sign,349,29,379,67
train_image_5.108.jpg,639,492,railroad_crossing_sign,420,364,573,477
train_image_6.1.jpg,640,480,speed_limit_sign,389,62,421,95
train_image_6.2.jpg,640,640,speed_limit_sign,186,65,334,237
train_image_6.3.jpg,640,640,speed_limit_sign,106,452,214,586
train_image_6.4.jpg,640,640,speed_limit_sign,102,128,230,307
train_image_6.5.jpg,640,640,speed_limit_sign,340,405,411,488
train_image_6.6.jpg,600,600,speed_limit_sign,155,418,269,550
train_image_6.7.jpg,640,425,speed_limit_sign,139,70,242,189
train_image_6.8.jpg,640,628,speed_limit_sign,319,203,466,347
train_image_6.9.jpg,640,480,speed_limit_sign,272,129,326,196
train_image_6.10.jpg,427,640,speed_limit_sign,289,191,408,374
train_image_6.11.jpg,639,480,speed_limit_sign,566,216,598,268
train_image_6.12.jpg,639,426,speed_limit_sign,20,320,69,383
train_image_6.13.jpg,639,459,speed_limit_sign,528,32,559,82
train_image_6.14.jpg,468,639,speed_limit_sign,208,166,245,208
train_image_6.15.jpg,570,533,speed_limit_sign,209,121,269,227
train_image_6.16.jpg,576,592,speed_limit_sign,110,156,225,235
train_image_6.17.jpg,640,480,speed_limit_sign,165,76,223,143
train_image_6.18.jpg,640,480,speed_limit_sign,16,216,89,288
train_image_6.19.jpg,640,640,speed_limit_sign,400,324,560,509
train_image_6.20.jpg,640,512,speed_limit_sign,223,377,267,428
train_image_6.21.jpg,640,640,speed_limit_sign,90,292,128,336
train_image_6.22.jpg,640,640,speed_limit_sign,27,340,126,455
train_image_6.23.jpg,640,640,speed_limit_sign,316,26,454,186
train_image_6.24.jpg,640,427,speed_limit_sign,417,308,501,406
train_image_6.25.jpg,640,480,speed_limit_sign,338,255,393,351
train_image_6.26.jpg,640,480,speed_limit_sign,390,281,501,410
train_image_6.27.jpg,640,512,speed_limit_sign,502,271,536,311
train_image_6.28.jpg,640,480,speed_limit_sign,43,40,105,112
train_image_6.29.jpg,640,480,speed_limit_sign,409,250,520,374
train_image_6.30.jpg,640,640,speed_limit_sign,147,328,196,385
train_image_6.31.jpg,639,505,speed_limit_sign,476,282,567,388
train_image_6.32.jpg,639,479,speed_limit_sign,165,159,243,293
train_image_6.33.jpg,640,640,speed_limit_sign,440,538,508,608
train_image_6.34.jpg,639,453,speed_limit_sign,132,290,166,330
train_image_6.35.jpg,426,639,speed_limit_sign,91,447,188,544
train_image_6.36.jpg,640,480,speed_limit_sign,324,408,352,441
train_image_6.37.jpg,640,640,speed_limit_sign,149,30,265,164
train_image_6.38.jpg,640,480,speed_limit_sign,18,167,121,287
train_image_6.39.jpg,639,426,speed_limit_sign,431,289,534,408
train_image_6.40.jpg,640,480,speed_limit_sign,521,272,596,368
train_image_6.41.jpg,640,591,speed_limit_sign,356,102,460,202
train_image_6.42.jpg,640,640,speed_limit_sign,173,314,261,416
train_image_6.43.jpg,640,480,speed_limit_sign,475,152,574,267
train_image_6.44.jpg,640,480,speed_limit_sign,199,74,301,170
train_image_6.45.jpg,640,426,speed_limit_sign,518,65,562,116
train_image_6.46.jpg,639,485,speed_limit_sign,469,130,592,231
train_image_6.47.jpg,640,500,speed_limit_sign,463,412,541,477
train_image_6.48.jpg,546,640,speed_limit_sign,284,12,382,146
train_image_6.49.jpg,640,480,speed_limit_sign,79,91,106,124
train_image_6.50.jpg,640,496,speed_limit_sign,290,152,391,266
train_image_6.51.jpg,640,496,speed_limit_sign,439,230,464,259
train_image_6.52.jpg,498,639,speed_limit_sign,314,128,448,282
train_image_6.53.jpg,640,480,speed_limit_sign,20,308,80,365
train_image_6.54.jpg,639,582,speed_limit_sign,482,385,562,478
train_image_6.55.jpg,480,640,speed_limit_sign,261,151,323,220
train_image_6.56.jpg,640,640,speed_limit_sign,32,17,137,151
train_image_6.57.jpg,480,640,speed_limit_sign,150,168,212,235
train_image_6.58.jpg,640,640,speed_limit_sign,373,77,491,262
train_image_6.59.jpg,640,640,speed_limit_sign,72,81,171,196
train_image_6.60.jpg,640,480,speed_limit_sign,226,226,291,302
train_image_6.61.jpg,639,426,speed_limit_sign,146,240,210,346
train_image_6.62.jpg,639,425,speed_limit_sign,247,215,342,325
train_image_6.63.jpg,480,640,speed_limit_sign,392,513,449,578
train_image_6.64.jpg,640,640,speed_limit_sign,72,315,232,500
train_image_6.65.jpg,639,426,speed_limit_sign,282,13,307,42
train_image_6.66.jpg,480,640,speed_limit_sign,279,277,379,392
train_image_6.67.jpg,426,639,speed_limit_sign,332,398,378,451
train_image_6.68.jpg,523,640,speed_limit_sign,158,58,252,166
train_image_6.69.jpg,640,640,speed_limit_sign,517,385,569,474
train_image_6.70.jpg,640,427,speed_limit_sign,180,73,245,149
train_image_6.71.jpg,640,427,speed_limit_sign,40,80,61,105
train_image_6.72.jpg,640,480,speed_limit_sign,449,284,517,360
train_image_6.73.jpg,639,481,speed_limit_sign,537,281,603,353
train_image_6.74.jpg,640,640,speed_limit_sign,45,398,154,558
train_image_6.75.jpg,640,640,speed_limit_sign,346,142,476,321
train_image_6.76.jpg,640,640,speed_limit_sign,120,367,223,507
train_image_6.77.jpg,639,426,speed_limit_sign,563,124,595,162
train_image_6.78.jpg,480,640,speed_limit_sign,415,159,467,219
train_image_6.79.jpg,640,533,speed_limit_sign,394,243,527,397
train_image_6.80.jpg,640,427,speed_limit_sign,142,212,233,318
train_image_6.81.jpg,512,512,speed_limit_sign,353,64,451,145
train_image_6.82.jpg,640,480,speed_limit_sign,477,164,555,255
train_image_6.83.jpg,640,457,speed_limit_sign,435,192,494,283
train_image_6.84.jpg,639,424,speed_limit_sign,99,24,188,117
train_image_6.85.jpg,590,639,speed_limit_sign,37,422,208,619
train_image_6.86.jpg,640,640,speed_limit_sign,315,165,387,280
train_image_6.87.jpg,640,513,speed_limit_sign,168,265,216,336
train_image_6.88.jpg,426,639,speed_limit_sign,307,361,349,392
train_image_6.89.jpg,640,640,speed_limit_sign,44,277,127,373
train_image_6.90.jpg,640,572,speed_limit_sign,122,118,151,152
train_image_6.91.jpg,639,587,speed_limit_sign,274,150,309,191
train_image_6.92.jpg,640,629,speed_limit_sign,436,318,529,424
train_image_6.93.jpg,639,426,speed_limit_sign,378,173,443,249
train_image_6.94.jpg,640,480,speed_limit_sign,82,198,131,255
train_image_6.95.jpg,481,427,speed_limit_sign,291,68,356,144
train_image_6.96.jpg,640,480,speed_limit_sign,538,273,607,364
train_image_6.97.jpg,640,480,speed_limit_sign,307,159,339,197
train_image_6.98.jpg,426,639,speed_limit_sign,66,485,142,572
train_image_6.99.jpg,640,640,speed_limit_sign,435,296,512,411
train_image_6.100.jpg,635,640,speed_limit_sign,402,389,497,498
train_image_6.101.jpg,640,640,speed_limit_sign,14,555,63,612
train_image_6.102.jpg,640,640,speed_limit_sign,246,279,311,355
train_image_6.103.jpg,640,640,speed_limit_sign,357,144,569,310
train_image_6.104.jpg,640,640,speed_limit_sign,341,95,424,191
train_image_6.105.jpg,598,640,speed_limit_sign,371,193,418,236
train_image_6.106.jpg,640,640,speed_limit_sign,172,47,238,130
train_image_6.107.jpg,639,426,speed_limit_sign,116,75,215,190
train_image_6.108.jpg,639,492,speed_limit_sign,122,11,202,104
train_image_7.1.jpg,640,480,stop_sign,135,337,264,466
train_image_7.2.jpg,640,640,stop_sign,124,390,221,492
train_image_7.3.jpg,640,640,stop_sign,488,113,532,157
train_image_7.4.jpg,640,640,stop_sign,56,195,241,380
train_image_7.5.jpg,640,640,stop_sign,272,233,368,329
train_image_7.6.jpg,600,600,stop_sign,91,228,267,348
train_image_7.7.jpg,640,425,stop_sign,513,295,606,388
train_image_7.8.jpg,640,628,stop_sign,350,126,525,301
train_image_7.9.jpg,640,480,stop_sign,122,272,218,368
train_image_7.10.jpg,427,640,stop_sign,67,127,165,225
train_image_7.11.jpg,639,480,stop_sign,456,288,566,398
train_image_7.12.jpg,639,426,stop_sign,418,364,466,410
train_image_7.13.jpg,639,459,stop_sign,114,260,219,365
train_image_7.14.jpg,468,639,stop_sign,21,346,63,383
train_image_7.15.jpg,570,533,stop_sign,92,312,209,429
train_image_7.16.jpg,576,592,stop_sign,117,370,249,467
train_image_7.17.jpg,640,480,stop_sign,389,161,465,237
train_image_7.18.jpg,640,480,stop_sign,432,85,475,128
train_image_7.19.jpg,640,640,stop_sign,288,110,403,225
train_image_7.20.jpg,640,512,stop_sign,442,52,518,128
train_image_7.21.jpg,640,640,stop_sign,109,259,217,380
train_image_7.22.jpg,640,640,stop_sign,328,163,488,323
train_image_7.23.jpg,640,640,stop_sign,349,64,470,185
train_image_7.24.jpg,640,427,stop_sign,286,91,375,180
train_image_7.25.jpg,640,480,stop_sign,208,330,331,435
train_image_7.26.jpg,640,480,stop_sign,140,271,249,400
train_image_7.27.jpg,640,512,stop_sign,163,91,239,157
train_image_7.28.jpg,640,480,stop_sign,343,62,391,110
train_image_7.29.jpg,640,480,stop_sign,323,295,395,367
train_image_7.30.jpg,640,640,stop_sign,265,399,385,584
train_image_7.31.jpg,639,505,stop_sign,127,218,172,263
train_image_7.32.jpg,639,479,stop_sign,48,281,76,309
train_image_7.33.jpg,640,640,stop_sign,227,127,412,312
train_image_7.34.jpg,639,453,stop_sign,40,142,144,246
train_image_7.35.jpg,426,639,stop_sign,9,237,102,330
train_image_7.36.jpg,640,480,stop_sign,180,221,390,360
train_image_7.37.jpg,640,640,stop_sign,334,66,500,232
train_image_7.38.jpg,640,480,stop_sign,30,356,116,442
train_image_7.39.jpg,639,426,stop_sign,278,205,397,324
train_image_7.40.jpg,640,480,stop_sign,175,359,218,402
train_image_7.41.jpg,640,591,stop_sign,371,108,518,255
train_image_7.42.jpg,640,640,stop_sign,144,346,195,397
train_image_7.43.jpg,640,480,stop_sign,49,259,169,379
train_image_7.44.jpg,640,480,stop_sign,486,162,518,210
train_image_7.45.jpg,640,426,stop_sign,145,32,204,91
train_image_7.46.jpg,639,485,stop_sign,178,142,231,195
train_image_7.47.jpg,640,500,stop_sign,353,318,418,383
train_image_7.48.jpg,546,640,stop_sign,50,318,93,361
train_image_7.49.jpg,640,480,stop_sign,534,129,596,191
train_image_7.50.jpg,640,496,stop_sign,70,255,208,393
train_image_7.51.jpg,640,496,stop_sign,131,59,255,183
train_image_7.52.jpg,498,639,stop_sign,100,407,149,459
train_image_7.53.jpg,640,480,stop_sign,155,254,241,340
train_image_7.54.jpg,639,582,stop_sign,341,268,375,302
train_image_7.55.jpg,480,640,stop_sign,304,223,385,343
train_image_7.56.jpg,640,640,stop_sign,335,85,446,193
train_image_7.57.jpg,480,640,stop_sign,338,34,424,95
train_image_7.58.jpg,640,640,stop_sign,390,495,460,565
train_image_7.59.jpg,640,640,stop_sign,192,265,332,405
train_image_7.60.jpg,640,480,stop_sign,246,406,298,458
train_image_7.61.jpg,639,426,stop_sign,409,131,566,246
train_image_7.62.jpg,639,425,stop_sign,495,228,529,262
train_image_7.63.jpg,480,640,stop_sign,54,504,130,580
train_image_7.64.jpg,640,640,stop_sign,289,213,421,392
train_image_7.65.jpg,639,426,stop_sign,378,248,525,354
train_image_7.66.jpg,480,640,stop_sign,36,454,108,526
train_image_7.67.jpg,426,639,stop_sign,264,331,387,495
train_image_7.68.jpg,523,640,stop_sign,78,155,224,301
train_image_7.69.jpg,640,640,stop_sign,146,231,222,307
train_image_7.70.jpg,640,427,stop_sign,145,293,213,361
train_image_7.71.jpg,640,427,stop_sign,313,362,350,413
train_image_7.72.jpg,640,480,stop_sign,330,194,373,237
train_image_7.73.jpg,639,481,stop_sign,298,180,379,261
train_image_7.74.jpg,640,640,stop_sign,137,107,181,151
train_image_7.75.jpg,640,640,stop_sign,472,442,555,525
train_image_7.76.jpg,640,640,stop_sign,552,287,622,357
train_image_7.77.jpg,639,426,stop_sign,380,206,505,321
train_image_7.78.jpg,480,640,stop_sign,206,221,263,278
train_image_7.79.jpg,640,533,stop_sign,12,313,155,456
train_image_7.80.jpg,640,427,stop_sign,262,103,343,184
train_image_7.81.jpg,512,512,stop_sign,278,198,334,254
train_image_7.82.jpg,640,480,stop_sign,45,275,184,414
train_image_7.83.jpg,640,457,stop_sign,108,14,203,109
train_image_7.84.jpg,639,424,stop_sign,48,309,120,381
train_image_7.85.jpg,590,639,stop_sign,245,187,363,305
train_image_7.86.jpg,640,640,stop_sign,135,388,243,496
train_image_7.87.jpg,640,513,stop_sign,104,417,148,488
train_image_7.88.jpg,426,639,stop_sign,155,243,214,302
train_image_7.89.jpg,640,640,stop_sign,27,369,160,465
train_image_7.90.jpg,640,572,stop_sign,197,140,367,271
train_image_7.91.jpg,639,587,stop_sign,13,350,95,432
train_image_7.92.jpg,640,629,stop_sign,328,62,434,168
train_image_7.93.jpg,639,426,stop_sign,526,147,577,198
train_image_7.94.jpg,640,480,stop_sign,299,376,385,462
train_image_7.95.jpg,481,427,stop_sign,372,340,401,369
train_image_7.96.jpg,640,480,stop_sign,153,324,253,424
train_image_7.97.jpg,640,480,stop_sign,236,277,314,368
train_image_7.98.jpg,426,639,stop_sign,344,466,395,510
train_image_7.99.jpg,640,640,stop_sign,470,149,566,245
train_image_7.100.jpg,635,640,stop_sign,312,41,356,85
train_image_7.101.jpg,640,640,stop_sign,235,136,388,289
train_image_7.102.jpg,640,640,stop_sign,357,185,497,325
train_image_7.103.jpg,640,640,stop_sign,105,336,277,508
train_image_7.104.jpg,640,640,stop_sign,551,193,595,237
train_image_7.105.jpg,598,640,stop_sign,308,338,427,457
train_image_7.106.jpg,640,640,stop_sign,125,389,182,446
train_image_7.107.jpg,639,426,stop_sign,237,132,266,161
train_image_7.108.jpg,639,492,stop_sign,448,188,537,266
train_image_8.1.jpg,640,480,street_name_sign,195,110,633,249
train_image_8.2.jpg,640,640,street_name_sign,57,75,146,113
train_image_8.3.jpg,640,640,street_name_sign,167,247,434,317
train_image_8.4.jpg,640,640,street_name_sign,62,274,311,376
train_image_8.5.jpg,640,640,street_name_sign,-21,342,711,527
train_image_8.6.jpg,600,600,street_name_sign,193,397,348,463
train_image_8.7.jpg,640,425,street_name_sign,333,271,602,385
train_image_8.8.jpg,640,628,street_name_sign,258,201,330,244
train_image_8.9.jpg,640,480,street_name_sign,71,358,274,444
train_image_8.10.jpg,427,640,street_name_sign,248,391,307,419
train_image_8.11.jpg,639,480,street_name_sign,98,216,256,283
train_image_8.12.jpg,639,426,street_name_sign,170,17,373,132
train_image_8.13.jpg,639,459,street_name_sign,90,148,400,281
train_image_8.14.jpg,468,639,street_name_sign,297,163,348,184
train_image_8.15.jpg,570,533,street_name_sign,203,20,377,94
train_image_8.16.jpg,576,592,street_name_sign,159,497,193,511
train_image_8.17.jpg,640,480,street_name_sign,161,67,352,148
train_image_8.18.jpg,640,480,street_name_sign,193,321,366,397
train_image_8.19.jpg,640,640,street_name_sign,157,174,518,327
train_image_8.20.jpg,640,512,street_name_sign,316,331,568,438
train_image_8.21.jpg,640,640,street_name_sign,53,357,263,446
train_image_8.22.jpg,640,640,street_name_sign,108,320,469,473
train_image_8.23.jpg,640,640,street_name_sign,103,115,282,191
train_image_8.24.jpg,640,427,street_name_sign,370,342,521,406
train_image_8.25.jpg,640,480,street_name_sign,12,253,332,349
train_image_8.26.jpg,640,480,street_name_sign,398,10,520,62
train_image_8.27.jpg,640,512,street_name_sign,56,92,405,240
train_image_8.28.jpg,640,480,street_name_sign,536,247,613,280
train_image_8.29.jpg,640,480,street_name_sign,232,403,378,465
train_image_8.30.jpg,640,640,street_name_sign,264,78,611,225
train_image_8.31.jpg,639,505,street_name_sign,64,437,190,482
train_image_8.32.jpg,639,479,street_name_sign,195,151,284,189
train_image_8.33.jpg,640,640,street_name_sign,129,66,441,245
train_image_8.34.jpg,639,453,street_name_sign,358,77,528,149
train_image_8.35.jpg,426,639,street_name_sign,243,33,345,66
train_image_8.36.jpg,640,480,street_name_sign,17,378,220,464
train_image_8.37.jpg,640,640,street_name_sign,222,288,599,448
train_image_8.38.jpg,640,480,street_name_sign,437,215,571,272
train_image_8.39.jpg,639,426,street_name_sign,43,266,222,342
train_image_8.40.jpg,640,480,street_name_sign,155,315,391,415
train_image_8.41.jpg,640,591,street_name_sign,14,410,389,569
train_image_8.42.jpg,640,640,street_name_sign,349,69,483,126
train_image_8.43.jpg,640,480,street_name_sign,338,373,487,445
train_image_8.44.jpg,640,480,street_name_sign,315,71,432,143
train_image_8.45.jpg,640,426,street_name_sign,117,210,376,320
train_image_8.46.jpg,639,485,street_name_sign,227,43,427,178
train_image_8.47.jpg,640,500,street_name_sign,11,139,184,244
train_image_8.48.jpg,546,640,street_name_sign,232,287,297,314
train_image_8.49.jpg,640,480,street_name_sign,156,206,314,273
train_image_8.50.jpg,640,496,street_name_sign,295,321,393,355
train_image_8.51.jpg,640,496,street_name_sign,48,238,317,352
train_image_8.52.jpg,498,639,street_name_sign,55,411,184,465
train_image_8.53.jpg,640,480,street_name_sign,508,212,597,250
train_image_8.54.jpg,639,582,street_name_sign,216,258,447,356
train_image_8.55.jpg,480,640,street_name_sign,167,582,263,622
train_image_8.56.jpg,640,640,street_name_sign,460,235,548,286
train_image_8.57.jpg,480,640,street_name_sign,10,405,144,457
train_image_8.58.jpg,640,640,street_name_sign,184,116,469,237
train_image_8.59.jpg,640,640,street_name_sign,177,381,451,560
train_image_8.60.jpg,640,480,street_name_sign,140,271,420,381
train_image_8.61.jpg,639,426,street_name_sign,340,39,536,124
train_image_8.62.jpg,639,425,street_name_sign,157,14,277,65
train_image_8.63.jpg,480,640,street_name_sign,221,204,341,267
train_image_8.64.jpg,640,640,street_name_sign,140,499,229,537
train_image_8.65.jpg,639,426,street_name_sign,69,185,189,236
train_image_8.66.jpg,480,640,street_name_sign,65,161,189,212
train_image_8.67.jpg,426,639,street_name_sign,322,253,411,287
train_image_8.68.jpg,523,640,street_name_sign,269,134,410,175
train_image_8.69.jpg,640,640,street_name_sign,296,412,626,552
train_image_8.70.jpg,640,427,street_name_sign,164,43,458,119
train_image_8.71.jpg,640,427,street_name_sign,12,197,293,316
train_image_8.72.jpg,640,480,street_name_sign,159,43,317,110
train_image_8.73.jpg,639,481,street_name_sign,410,222,544,279
train_image_8.74.jpg,640,640,street_name_sign,86,161,388,289
train_image_8.75.jpg,640,640,street_name_sign,178,191,570,357
train_image_8.76.jpg,640,640,street_name_sign,104,147,389,268
train_image_8.77.jpg,639,426,street_name_sign,77,136,327,242
train_image_8.78.jpg,480,640,street_name_sign,151,94,275,146
train_image_8.79.jpg,640,533,street_name_sign,171,166,618,283
train_image_8.80.jpg,640,427,street_name_sign,332,306,414,344
train_image_8.81.jpg,512,512,street_name_sign,149,198,424,346
train_image_8.82.jpg,640,480,street_name_sign,51,248,434,353
train_image_8.83.jpg,640,457,street_name_sign,99,308,422,431
train_image_8.84.jpg,639,424,street_name_sign,236,102,304,131
train_image_8.85.jpg,590,639,street_name_sign,411,546,493,580
train_image_8.86.jpg,640,640,street_name_sign,393,369,496,413
train_image_8.87.jpg,640,513,street_name_sign,277,51,591,184
train_image_8.88.jpg,426,639,street_name_sign,208,240,331,277
train_image_8.89.jpg,640,640,street_name_sign,402,496,581,572
train_image_8.90.jpg,640,572,street_name_sign,241,106,528,191
train_image_8.91.jpg,639,587,street_name_sign,458,535,578,570
train_image_8.92.jpg,640,629,street_name_sign,447,308,593,370
train_image_8.93.jpg,639,426,street_name_sign,183,234,331,310
train_image_8.94.jpg,640,480,street_name_sign,419,405,553,462
train_image_8.95.jpg,481,427,street_name_sign,62,11,224,57
train_image_8.96.jpg,640,480,street_name_sign,176,142,587,281
train_image_8.97.jpg,640,480,street_name_sign,402,239,515,287
train_image_8.98.jpg,426,639,street_name_sign,249,574,359,620
train_image_8.99.jpg,640,640,street_name_sign,96,189,525,323
train_image_8.100.jpg,635,640,street_name_sign,409,387,586,461
train_image_8.101.jpg,640,640,street_name_sign,9,53,264,161
train_image_8.102.jpg,640,640,street_name_sign,135,43,570,203
train_image_8.103.jpg,640,640,street_name_sign,327,324,462,394
train_image_8.104.jpg,640,640,street_name_sign,195,199,298,243
train_image_8.105.jpg,598,640,street_name_sign,334,134,369,148
train_image_8.106.jpg,640,640,street_name_sign,291,171,456,241
train_image_8.107.jpg,639,426,street_name_sign,373,268,602,365
train_image_8.108.jpg,639,492,street_name_sign,130,194,285,253
train_image_9.1.jpg,640,480,yield_sign,206,191,271,277
train_image_9.2.jpg,640,640,yield_sign,339,394,448,490
train_image_9.3.jpg,640,640,yield_sign,468,321,620,455
train_image_9.4.jpg,640,640,yield_sign,129,113,351,279
train_image_9.5.jpg,640,640,yield_sign,441,83,593,217
train_image_9.6.jpg,600,600,yield_sign,84,15,261,171
train_image_9.7.jpg,640,425,yield_sign,309,235,465,349
train_image_9.8.jpg,640,628,yield_sign,94,230,272,387
train_image_9.9.jpg,640,480,yield_sign,217,55,326,151
train_image_9.10.jpg,427,640,yield_sign,338,236,410,299
train_image_9.11.jpg,639,480,yield_sign,182,13,243,104
train_image_9.12.jpg,639,426,yield_sign,99,250,151,296
train_image_9.13.jpg,639,459,yield_sign,362,351,439,419
train_image_9.14.jpg,468,639,yield_sign,68,42,166,147
train_image_9.15.jpg,570,533,yield_sign,169,231,320,364
train_image_9.16.jpg,576,592,yield_sign,381,218,427,258
train_image_9.17.jpg,640,480,yield_sign,305,158,445,282
train_image_9.18.jpg,640,480,yield_sign,559,296,596,329
train_image_9.19.jpg,640,640,yield_sign,398,160,557,300
train_image_9.20.jpg,640,512,yield_sign,36,354,122,466
train_image_9.21.jpg,640,640,yield_sign,449,77,622,230
train_image_9.22.jpg,640,640,yield_sign,119,60,249,175
train_image_9.23.jpg,640,640,yield_sign,22,125,99,182
train_image_9.24.jpg,640,427,yield_sign,271,97,338,169
train_image_9.25.jpg,640,480,yield_sign,368,246,525,385
train_image_9.26.jpg,640,480,yield_sign,252,374,371,455
train_image_9.27.jpg,640,512,yield_sign,194,161,315,268
train_image_9.28.jpg,640,480,yield_sign,163,344,282,449
train_image_9.29.jpg,640,480,yield_sign,70,85,93,113
train_image_9.30.jpg,640,640,yield_sign,40,367,97,418
train_image_9.31.jpg,639,505,yield_sign,167,18,229,73
train_image_9.32.jpg,639,479,yield_sign,122,44,262,168
train_image_9.33.jpg,640,640,yield_sign,395,147,452,198
train_image_9.34.jpg,639,453,yield_sign,203,42,346,168
train_image_9.35.jpg,426,639,yield_sign,265,61,354,164
train_image_9.36.jpg,640,480,yield_sign,251,268,360,364
train_image_9.37.jpg,640,640,yield_sign,131,390,324,562
train_image_9.38.jpg,640,480,yield_sign,510,40,541,68
train_image_9.39.jpg,639,426,yield_sign,300,117,367,176
train_image_9.40.jpg,640,480,yield_sign,446,153,538,234
train_image_9.41.jpg,640,591,yield_sign,95,425,155,460
train_image_9.42.jpg,640,640,yield_sign,366,290,481,392
train_image_9.43.jpg,640,480,yield_sign,313,197,399,273
train_image_9.44.jpg,640,480,yield_sign,118,243,231,343
train_image_9.45.jpg,640,426,yield_sign,162,70,344,189
train_image_9.46.jpg,639,485,yield_sign,354,10,501,140
train_image_9.47.jpg,640,500,yield_sign,260,312,407,442
train_image_9.48.jpg,546,640,yield_sign,318,18,449,198
train_image_9.49.jpg,640,480,yield_sign,325,351,426,442
train_image_9.50.jpg,640,496,yield_sign,539,166,611,230
train_image_9.51.jpg,640,496,yield_sign,341,13,502,137
train_image_9.52.jpg,498,639,yield_sign,108,317,152,346
train_image_9.53.jpg,640,480,yield_sign,121,183,152,211
train_image_9.54.jpg,639,582,yield_sign,21,100,114,181
train_image_9.55.jpg,480,640,yield_sign,209,104,324,205
train_image_9.56.jpg,640,640,yield_sign,427,482,586,622
train_image_9.57.jpg,480,640,yield_sign,139,59,191,104
train_image_9.58.jpg,640,640,yield_sign,477,464,526,508
train_image_9.59.jpg,640,640,yield_sign,48,267,207,407
train_image_9.60.jpg,640,480,yield_sign,80,84,232,218
train_image_9.61.jpg,639,426,yield_sign,99,226,186,349
train_image_9.62.jpg,639,425,yield_sign,336,193,500,303
train_image_9.63.jpg,480,640,yield_sign,11,177,102,227
train_image_9.64.jpg,640,640,yield_sign,502,504,579,574
train_image_9.65.jpg,639,426,yield_sign,436,139,481,173
train_image_9.66.jpg,480,640,yield_sign,173,340,240,398
train_image_9.67.jpg,426,639,yield_sign,203,555,241,583
train_image_9.68.jpg,523,640,yield_sign,280,466,405,575
train_image_9.69.jpg,640,640,yield_sign,205,360,342,481
train_image_9.70.jpg,640,427,yield_sign,52,129,108,180
train_image_9.71.jpg,640,427,yield_sign,384,72,504,178
train_image_9.72.jpg,640,480,yield_sign,566,81,609,119
train_image_9.73.jpg,639,481,yield_sign,305,146,451,275
train_image_9.74.jpg,640,640,yield_sign,489,47,604,123
train_image_9.75.jpg,640,640,yield_sign,281,286,491,471
train_image_9.76.jpg,640,640,yield_sign,290,434,411,613
train_image_9.77.jpg,639,426,yield_sign,173,310,293,416
train_image_9.78.jpg,480,640,yield_sign,389,411,441,474
train_image_9.79.jpg,640,533,yield_sign,102,193,264,336
train_image_9.80.jpg,640,427,yield_sign,189,18,246,69
train_image_9.81.jpg,512,512,yield_sign,233,105,401,253
train_image_9.82.jpg,640,480,yield_sign,31,186,140,282
train_image_9.83.jpg,640,457,yield_sign,41,51,167,137
train_image_9.84.jpg,639,424,yield_sign,354,126,420,181
train_image_9.85.jpg,590,639,yield_sign,139,474,286,603
train_image_9.86.jpg,640,640,yield_sign,336,99,379,137
train_image_9.87.jpg,640,513,yield_sign,285,107,410,250
train_image_9.88.jpg,426,639,yield_sign,65,547,103,588
train_image_9.89.jpg,640,640,yield_sign,319,112,478,252
train_image_9.90.jpg,640,572,yield_sign,266,95,421,232
train_image_9.91.jpg,639,587,yield_sign,168,367,246,413
train_image_9.92.jpg,640,629,yield_sign,478,160,523,216
train_image_9.93.jpg,639,426,yield_sign,173,247,251,315
train_image_9.94.jpg,640,480,yield_sign,430,268,566,388
train_image_9.95.jpg,481,427,yield_sign,252,100,344,181
train_image_9.96.jpg,640,480,yield_sign,396,333,444,376
train_image_9.97.jpg,640,480,yield_sign,403,121,462,173
train_image_9.98.jpg,426,639,yield_sign,277,115,315,148
train_image_9.99.jpg,640,640,yield_sign,379,234,495,342
train_image_9.100.jpg,635,640,yield_sign,248,206,381,323
train_image_9.101.jpg,640,640,yield_sign,106,173,294,339
train_image_9.102.jpg,640,640,yield_sign,247,308,304,359
train_image_9.103.jpg,640,640,yield_sign,247,211,380,390
train_image_9.104.jpg,640,640,yield_sign,205,437,372,584
train_image_9.105.jpg,598,640,yield_sign,179,412,298,516
train_image_9.106.jpg,640,640,yield_sign,352,521,431,591
train_image_9.107.jpg,639,426,yield_sign,306,266,402,351
train_image_9.108.jpg,639,492,yield_sign,391,240,508,343
